{
    "index": {
        "template": "home",
        "imgur": {
            "albumHash": "qpCYTPZ",
            "queueHash": "PnLzAHj"
        },
        "reddit": {
            "subreddit": "CyclePDX"
        },
        "adminEmailAddresses": []
    },
    "biketag": {
        "template": "biketag",
        "imgur": {
            "albumHash": "qpCYTPZ",
            "queueHash": "PnLzAHj"
        },
        "reddit": {
            "subreddit": "CyclePDX"
        },
        "adminEmailAddresses": []
    }
}
